<?xml version="1.0" encoding="utf-8" standalone="yes" ?>
<rss version="2.0" xmlns:atom="http://www.w3.org/2005/Atom">
  <channel>
    <title>Zukunft jetzt.</title>
    <link>/</link>
    <description>Recent content on Zukunft jetzt.</description>
    <generator>Hugo -- gohugo.io</generator>
    <language>de-de</language>
    <lastBuildDate>Sat, 05 Dec 2015 20:28:33 +0100</lastBuildDate>
    <atom:link href="/index.xml" rel="self" type="application/rss+xml" />
    
    <item>
      <title>about</title>
      <link>/about/</link>
      <pubDate>Sat, 05 Dec 2015 20:28:33 +0100</pubDate>
      
      <guid>/about/</guid>
      <description>

&lt;h2 id=&#34;eine-überschrift:6083a88ee3411b0d17ce02d738f69d47&#34;&gt;Eine Überschrift&lt;/h2&gt;

&lt;p&gt;Und etwas Inhalt&lt;/p&gt;
</description>
    </item>
    
  </channel>
</rss>